{
    "a2^(1/2)": {
        "M_max": [
            NaN,
            NaN
        ],
        "R_canonical": [
            0.2336351942586198,
            299.95501763215276
        ],
        "Lambda_canonical": [
            0.2336351942586198,
            299.95501763215276
        ],
        "combined": [
            NaN,
            NaN
        ]
    },
    "a4": {
        "M_max": [
            NaN,
            NaN
        ],
        "R_canonical": [
            0.0006848666307897519,
            0.9906715240398454
        ],
        "Lambda_canonical": [
            0.0006848666307897519,
            0.9906715240398454
        ],
        "combined": [
            NaN,
            NaN
        ]
    },
    "B^(1/4)": {
        "M_max": [
            NaN,
            NaN
        ],
        "R_canonical": [
            2.03395148388741,
            179.97106415719952
        ],
        "Lambda_canonical": [
            2.03395148388741,
            179.97106415719952
        ],
        "combined": [
            NaN,
            NaN
        ]
    }
}