{
    "a2^(1/2)": {
        "eos_type": [
            0.03280471272858247,
            299.8272401030501
        ],
        "M_max": [
            0.10230081663017192,
            299.9939433078811
        ],
        "R_canonical": [
            0.10230081663017192,
            299.9939433078811
        ],
        "Lambda_canonical": [
            0.03280471272858247,
            299.9939433078811
        ],
        "combined": [
            0.10230081663017192,
            299.8272401030501
        ]
    },
    "a4": {
        "eos_type": [
            0.3730120816270316,
            0.9996928000223108
        ],
        "M_max": [
            2.3494380731780696e-05,
            0.9088795890402941
        ],
        "R_canonical": [
            2.3494380731780696e-05,
            0.9968513470352768
        ],
        "Lambda_canonical": [
            2.3494380731780696e-05,
            0.9996928000223108
        ],
        "combined": [
            0.3730120816270316,
            0.9088795890402941
        ]
    },
    "B^(1/4)": {
        "eos_type": [
            0.11990432703763108,
            179.98660565520282
        ],
        "M_max": [
            0.07045915701017812,
            179.98660565520282
        ],
        "R_canonical": [
            0.07045915701017812,
            179.98660565520282
        ],
        "Lambda_canonical": [
            0.07045915701017812,
            179.98660565520282
        ],
        "combined": [
            0.11990432703763108,
            179.98660565520282
        ]
    }
}