{
    "a2^(1/2)": {
        "eos_type": [
            1.112384707471142,
            299.98376642757506
        ],
        "M_max": [
            NaN,
            NaN
        ],
        "R_canonical": [
            0.09139371403968129,
            299.98376642757506
        ],
        "Lambda_canonical": [
            0.09139371403968129,
            299.98376642757506
        ],
        "combined": [
            NaN,
            NaN
        ]
    },
    "a4": {
        "eos_type": [
            0.4388256103955487,
            0.9999815902835533
        ],
        "M_max": [
            NaN,
            NaN
        ],
        "R_canonical": [
            0.00015217162563786572,
            0.9999815902835533
        ],
        "Lambda_canonical": [
            0.00015217162563786572,
            0.9999815902835533
        ],
        "combined": [
            NaN,
            NaN
        ]
    },
    "B^(1/4)": {
        "eos_type": [
            4.07979526539563,
            179.94408170469953
        ],
        "M_max": [
            NaN,
            NaN
        ],
        "R_canonical": [
            0.023422274248329995,
            179.96488737593194
        ],
        "Lambda_canonical": [
            0.023422274248329995,
            179.96488737593194
        ],
        "combined": [
            NaN,
            NaN
        ]
    }
}