{
    "a2^(1/2)": {
        "eos_type": [
            1.112384707471142,
            299.98376642757506
        ],
        "M_max": [
            NaN,
            NaN
        ],
        "R_canonical": [
            0.09139371403968129,
            299.98376642757506
        ],
        "Lambda_canonical": [
            0.09139371403968129,
            299.98376642757506
        ],
        "combined": [
            NaN,
            NaN
        ]
    },
    "a4": {
        "eos_type": [
            0.438351910470971,
            0.9999815902835533
        ],
        "M_max": [
            NaN,
            NaN
        ],
        "R_canonical": [
            1.0510886808597075e-05,
            0.9999815902835533
        ],
        "Lambda_canonical": [
            1.0510886808597075e-05,
            0.9999815902835533
        ],
        "combined": [
            NaN,
            NaN
        ]
    },
    "B^(1/4)": {
        "eos_type": [
            0.20415426213108157,
            179.94408170469953
        ],
        "M_max": [
            NaN,
            NaN
        ],
        "R_canonical": [
            0.023422274248329995,
            179.98506440300264
        ],
        "Lambda_canonical": [
            0.023422274248329995,
            179.98506440300264
        ],
        "combined": [
            NaN,
            NaN
        ]
    }
}