{
    "a2^(1/2)": {
        "eos_type": [
            0.011109712504434623,
            524.3185689185057
        ],
        "M_max": [
            0.16356969457427353,
            549.9568249959442
        ],
        "R_canonical": [
            0.16356969457427353,
            549.9568249959442
        ],
        "Lambda_canonical": [
            0.011109712504434623,
            549.9568249959442
        ],
        "combined": [
            0.2033847787021063,
            524.3185689185057
        ]
    },
    "a4": {
        "eos_type": [
            0.377767058674264,
            0.9996767752218624
        ],
        "M_max": [
            5.791080373634013e-05,
            0.9996767752218624
        ],
        "R_canonical": [
            5.791080373634013e-05,
            0.9996767752218624
        ],
        "Lambda_canonical": [
            5.791080373634013e-05,
            0.9996767752218624
        ],
        "combined": [
            0.377767058674264,
            0.9996767752218624
        ]
    },
    "B^(1/4)": {
        "eos_type": [
            0.0133950808340936,
            309.21324446817283
        ],
        "M_max": [
            0.0133950808340936,
            349.99088249621974
        ],
        "R_canonical": [
            0.0133950808340936,
            349.99088249621974
        ],
        "Lambda_canonical": [
            0.0133950808340936,
            349.99088249621974
        ],
        "combined": [
            0.0133950808340936,
            309.21324446817283
        ]
    }
}