{
    "rho_surface [10^15 g cm^-3]": [
        1.0000000000000002e-14,
        1.0000000000000002e-14
    ],
    "cs_min [dimensionless]": [
        0.0,
        0.0
    ],
    "rho_center_max [10^15 g cm^-3]": [
        1.7001667861984116,
        4.790236193869411
    ],
    "M_max [solar mass]": [
        2.130183144474827,
        2.2795946212550513
    ],
    "cs_max [dimensionless]": [
        0.5273626359991602,
        0.9612271925010569
    ],
    "rho_center_canonical [10^15 g cm^-3]": [
        0.5760940502416654,
        0.7300121427600569
    ],
    "R_canonical [km]": [
        11.799441402672045,
        12.588892829318356
    ],
    "Lambda_canonical [dimensionless]": [
        520.7100095599084,
        692.8183233003696
    ],
    "rho_center_k2_max [10^15 g cm^-3]": [
        0.39729937348810856,
        0.5245072198029543
    ],
    "k2_max [dimensionless]": [
        0.11753228046864539,
        0.3272401171851567
    ]
}