{
    "a2^(1/2)": {
        "eos_type": [
            0.011109712504434623,
            532.0863711925381
        ],
        "M_max": [
            0.09751926711276446,
            549.9568249959442
        ],
        "R_canonical": [
            0.09751926711276446,
            549.9568249959442
        ],
        "Lambda_canonical": [
            0.011109712504434623,
            549.9568249959442
        ],
        "combined": [
            0.09751926711276446,
            532.0863711925381
        ]
    },
    "a4": {
        "eos_type": [
            0.3832119200738592,
            0.999952177227186
        ],
        "M_max": [
            5.791080373634013e-05,
            0.9998553288326845
        ],
        "R_canonical": [
            5.791080373634013e-05,
            0.999952177227186
        ],
        "Lambda_canonical": [
            5.791080373634013e-05,
            0.999952177227186
        ],
        "combined": [
            0.3832119200738592,
            0.9998553288326845
        ]
    },
    "B^(1/4)": {
        "eos_type": [
            0.0133950808340936,
            309.21324446817283
        ],
        "M_max": [
            0.0133950808340936,
            349.99088249621974
        ],
        "R_canonical": [
            0.0133950808340936,
            349.99088249621974
        ],
        "Lambda_canonical": [
            0.0133950808340936,
            349.99088249621974
        ],
        "combined": [
            0.0133950808340936,
            309.21324446817283
        ]
    }
}