{
    "rho_surface [10^15 g cm^-3]": [
        1.0000000000000002e-14,
        1.0000000000000002e-14
    ],
    "cs_min [dimensionless]": [
        0.0,
        0.0
    ],
    "rho_center_max [10^15 g cm^-3]": [
        1.8638224108300878,
        4.619873030123717
    ],
    "M_max [solar mass]": [
        2.1306439204404612,
        2.2795839772906192
    ],
    "cs_max [dimensionless]": [
        0.5301626701910458,
        0.9610982744529196
    ],
    "rho_center_canonical [10^15 g cm^-3]": [
        0.7300121424808563,
        0.7300121427600403
    ],
    "R_canonical [km]": [
        12.588889920940959,
        12.588892815981463
    ],
    "Lambda_canonical [dimensionless]": [
        520.7100095586908,
        520.710010971961
    ],
    "rho_center_k2_max [10^15 g cm^-3]": [
        0.5244212380424852,
        0.5244979404198195
    ],
    "k2_max [dimensionless]": [
        0.11753250904286582,
        0.11753356443102772
    ]
}