{
    "rho_surface [10^15 g cm^-3]": [
        1.0000000000000002e-14,
        1.0000000000000002e-14
    ],
    "cs_min [dimensionless]": [
        0.0,
        0.0
    ],
    "rho_center_max [10^15 g cm^-3]": [
        1.8496731263855966,
        9.949897750790978
    ],
    "M_max [solar mass]": [
        2.1302415043156078,
        2.279600721169945
    ],
    "cs_max [dimensionless]": [
        0.5064056151437405,
        0.9612056036791282
    ],
    "rho_center_canonical [10^15 g cm^-3]": [
        0.7300121424809334,
        0.7300121427600578
    ],
    "R_canonical [km]": [
        12.588889896879383,
        12.588892829759274
    ],
    "Lambda_canonical [dimensionless]": [
        520.71000955859,
        520.7100109755713
    ],
    "rho_center_k2_max [10^15 g cm^-3]": [
        0.5244168696249955,
        0.5245075796203555
    ],
    "k2_max [dimensionless]": [
        0.11753227188104096,
        0.11753363397722286
    ]
}