{
    "rho_surface [10^15 g cm^-3]": [
        1.0000000000000002e-14,
        1.0000000000000002e-14
    ],
    "cs_min [dimensionless]": [
        0.0,
        0.0
    ],
    "rho_center_max [10^15 g cm^-3]": [
        1.8524344019330203,
        9.949897750790978
    ],
    "M_max [solar mass]": [
        2.1301217496995544,
        2.2795844369230576
    ],
    "cs_max [dimensionless]": [
        0.5061736606236291,
        0.9611808711828169
    ],
    "rho_center_canonical [10^15 g cm^-3]": [
        0.7300121424808672,
        0.7300121427600519
    ],
    "R_canonical [km]": [
        12.588889900873012,
        12.588892829759274
    ],
    "Lambda_canonical [dimensionless]": [
        520.7100095585457,
        520.7100109734589
    ],
    "rho_center_k2_max [10^15 g cm^-3]": [
        0.5244144482528185,
        0.5245073929239221
    ],
    "k2_max [dimensionless]": [
        0.1175322762979388,
        0.11753362556902107
    ]
}