{
    "rho_surface [10^15 g cm^-3]": [
        0.28768445384489244,
        0.5961786092342983
    ],
    "cs_min [dimensionless]": [
        0.5067106590658513,
        0.7292641509909483
    ],
    "rho_center_max [10^15 g cm^-3]": [
        1.4804075893158195,
        2.1948251848149507
    ],
    "M_max [solar mass]": [
        2.130006792941055,
        2.3299949207160524
    ],
    "cs_max [dimensionless]": [
        0.5498580270122383,
        0.8524863568836031
    ],
    "rho_center_canonical [10^15 g cm^-3]": [
        0.48132907861294494,
        0.8346546302922951
    ],
    "R_canonical [km]": [
        10.000052343271383,
        12.258349772543317
    ],
    "Lambda_canonical [dimensionless]": [
        269.69641363675925,
        969.7947744138064
    ],
    "rho_center_k2_max [10^15 g cm^-3]": [
        0.2885960292630896,
        0.5969383562324027
    ],
    "k2_max [dimensionless]": [
        0.7418299601099803,
        0.7426993487577417
    ]
}