{
    "rho_surface [10^15 g cm^-3]": [
        0.29206960183607183,
        0.3613575236601196
    ],
    "cs_min [dimensionless]": [
        0.5145887702593251,
        0.5773502603163855
    ],
    "rho_center_max [10^15 g cm^-3]": [
        1.4915416203744603,
        1.7427652862280203
    ],
    "M_max [solar mass]": [
        2.1300540335927756,
        2.3071466194464954
    ],
    "cs_max [dimensionless]": [
        0.5528210922718294,
        0.5773502655921419
    ],
    "rho_center_canonical [10^15 g cm^-3]": [
        0.48466476160762073,
        0.5954944575886914
    ],
    "R_canonical [km]": [
        11.484032168449328,
        12.233500050426684
    ],
    "Lambda_canonical [dimensionless]": [
        652.1570168560245,
        967.0188888752105
    ],
    "rho_center_k2_max [10^15 g cm^-3]": [
        0.2929642485176856,
        0.36222720360572275
    ],
    "k2_max [dimensionless]": [
        0.7424347960464127,
        0.742650588946914
    ]
}