{
    "rho_surface [10^15 g cm^-3]": [
        0.29045871915989724,
        0.5951832765418104
    ],
    "cs_min [dimensionless]": [
        0.5084595313243587,
        0.7283890486459494
    ],
    "rho_center_max [10^15 g cm^-3]": [
        1.487286191174537,
        2.1859895157953986
    ],
    "M_max [solar mass]": [
        2.1301348145015537,
        2.329940988663939
    ],
    "cs_max [dimensionless]": [
        0.5505139316124564,
        0.851459694002463
    ],
    "rho_center_canonical [10^15 g cm^-3]": [
        0.4832359137426718,
        0.830799733793352
    ],
    "R_canonical [km]": [
        10.00018644471399,
        12.240373933344085
    ],
    "Lambda_canonical [dimensionless]": [
        270.792725751879,
        968.9988957207179
    ],
    "rho_center_k2_max [10^15 g cm^-3]": [
        0.29136351542149014,
        0.5959426859954654
    ],
    "k2_max [dimensionless]": [
        0.7418389542446375,
        0.7426993462183175
    ]
}