{
    "a2": {
        "M_max": [
            -18627.05598405146,
            56306.45972200898
        ],
        "R_canonical": [
            -30733.98938396117,
            81185.3322435179
        ],
        "Lambda_canonical": [
            -44372.2956067736,
            81185.3322435179
        ],
        "combined": [
            -18176.24689016702,
            36500.26376562916
        ]
    },
    "a4": {
        "M_max": [
            0.050783873557860126,
            0.7919673672418733
        ],
        "R_canonical": [
            0.050783873557860126,
            0.999964864277422
        ],
        "Lambda_canonical": [
            0.05215272342894396,
            0.999964864277422
        ],
        "combined": [
            0.1509318692115736,
            0.7919673672418733
        ]
    },
    "B^(1/4)": {
        "M_max": [
            79.16679239493035,
            139.87124355565166
        ],
        "R_canonical": [
            82.48292678685831,
            152.8549591409677
        ],
        "Lambda_canonical": [
            83.10477881978628,
            166.690896351164
        ],
        "combined": [
            116.27643950801173,
            139.87124355565166
        ]
    }
}