{
    "a2 [10^3 MeV^2]": {
        "M_max [solar mass]": [
            -265.4115913511635,
            60.2884279772623
        ],
        "R_canonical [km]": [
            -261.41732654775245,
            87.24664580958243
        ],
        "Lambda_canonical [dimensionless]": [
            -265.4169455476051,
            87.24664580958243
        ],
        "combined": [
            -202.03311237532003,
            41.62633366572828
        ]
    },
    "a4 [dimensionless]": {
        "M_max [solar mass]": [
            0.050127255641908265,
            0.8056781105053431
        ],
        "R_canonical [km]": [
            0.05000262995949028,
            0.9999951986335953
        ],
        "Lambda_canonical [dimensionless]": [
            0.05000262995949028,
            0.9999951986335953
        ],
        "combined": [
            0.17914840661303427,
            0.8056781105053431
        ]
    },
    "B^(1/4) [MeV]": {
        "M_max [solar mass]": [
            76.21418472081332,
            209.1421716643879
        ],
        "R_canonical [km]": [
            77.71904548858751,
            190.04420786117598
        ],
        "Lambda_canonical [dimensionless]": [
            81.94431569235269,
            222.37255991945102
        ],
        "combined": [
            114.40474679939658,
            184.7100893735927
        ]
    }
}