{
    "rho_surface [10^15 g cm^-3]": [
        0.2897605466896361,
        0.3570541367366734
    ],
    "cs_min [dimensionless]": [
        0.5110375095039636,
        0.5773330120946217
    ],
    "rho_center_max [10^15 g cm^-3]": [
        1.4982111195368215,
        1.7213888719208272
    ],
    "M_max [solar mass]": [
        2.1301906700998154,
        2.299964061862743
    ],
    "cs_max [dimensionless]": [
        0.551482803429285,
        0.5773432727197215
    ],
    "rho_center_canonical [10^15 g cm^-3]": [
        0.48654108634520404,
        0.5858038515758046
    ],
    "R_canonical [km]": [
        11.533282598338896,
        12.245063453142025
    ],
    "Lambda_canonical [dimensionless]": [
        671.2007344599798,
        969.5032764694245
    ],
    "rho_center_k2_max [10^15 g cm^-3]": [
        0.2906617054712894,
        0.3579163307793968
    ],
    "k2_max [dimensionless]": [
        0.7424160257751146,
        0.7426507499984655
    ]
}