{
    "rho_surface [10^15 g cm^-3]": [
        0.29206960183607183,
        0.3613575236601196
    ],
    "cs_min [dimensionless]": [
        0.5145887702593251,
        0.5773502603163855
    ],
    "rho_center_max [10^15 g cm^-3]": [
        1.4914917110198818,
        1.742710671528283
    ],
    "M_max [solar mass]": [
        2.1300540778461623,
        2.307146595163201
    ],
    "cs_max [dimensionless]": [
        0.5528206256093864,
        0.5773502655920667
    ],
    "rho_center_canonical [10^15 g cm^-3]": [
        0.4846647562945998,
        0.5954944497138327
    ],
    "R_canonical [km]": [
        11.484032433063884,
        12.23350035651205
    ],
    "Lambda_canonical [dimensionless]": [
        652.1570789933473,
        967.0189870026198
    ],
    "rho_center_k2_max [10^15 g cm^-3]": [
        0.29319577596468704,
        0.36245234206386273
    ],
    "k2_max [dimensionless]": [
        0.74049084219938,
        0.7407604824853683
    ]
}