{
    "rho_surface [10^15 g cm^-3]": [
        0.29206960183607183,
        0.3613575236601196
    ],
    "cs_min [dimensionless]": [
        0.514588770259325,
        0.5773502603163855
    ],
    "rho_center_max [10^15 g cm^-3]": [
        1.4914917110201027,
        1.742710671528298
    ],
    "M_max [solar mass]": [
        2.1300540778461605,
        2.3071465951632018
    ],
    "cs_max [dimensionless]": [
        0.5528206256093858,
        0.5773502655920667
    ],
    "rho_center_canonical [10^15 g cm^-3]": [
        0.484664756294599,
        0.5954944497138326
    ],
    "R_canonical [km]": [
        11.484032433063849,
        12.233500356512067
    ],
    "Lambda_canonical [dimensionless]": [
        652.1570789926814,
        967.018987001796
    ],
    "rho_center_k2_max [10^15 g cm^-3]": [
        0.293195775964687,
        0.3624523420638627
    ],
    "k2_max [dimensionless]": [
        0.7404908421956458,
        0.7407604824831243
    ]
}