{
    "rho_surface [10^15 g \u22c5 cm^-3]": [
        0.28729189136148064,
        0.3605059635549573
    ],
    "cs_min [dimensionless]": [
        0.50563257113717,
        0.5772960280800155
    ],
    "rho_center_max [10^15 g \u22c5 cm^-3]": [
        1.4958997570533517,
        1.741258236178104
    ],
    "M_max [solar mass]": [
        2.1306136014130868,
        2.2914613430244195
    ],
    "cs_max [dimensionless]": [
        0.5494531909950668,
        0.5773282783928121
    ],
    "rho_center_canonical [10^15 g \u22c5 cm^-3]": [
        0.4852789504059183,
        0.5948967539694474
    ],
    "R_canonical [km]": [
        11.487718217151148,
        12.260078393993357
    ],
    "Lambda_canonical [dimensionless]": [
        652.7781890537565,
        969.7396456155293
    ],
    "rho_center_k2_max [10^15 g \u22c5 cm^-3]": [
        0.2884431344184695,
        0.361606366157404
    ],
    "k2_max [dimensionless]": [
        0.7404300339498968,
        0.7407603575652324
    ]
}