{
    "rho_surface [10^15 g cm^-3]": [
        0.2922961909504022,
        0.35473856606345566
    ],
    "cs_min [dimensionless]": [
        0.5139520114077805,
        0.5772618013017778
    ],
    "rho_center_max [10^15 g cm^-3]": [
        1.491819357606646,
        1.729099837551441
    ],
    "M_max [solar mass]": [
        2.130330036287716,
        2.3006815183212117
    ],
    "cs_max [dimensionless]": [
        0.552580199958303,
        0.5773144028688542
    ],
    "rho_center_canonical [10^15 g cm^-3]": [
        0.484167250272403,
        0.5886298536876263
    ],
    "R_canonical [km]": [
        11.540487102595957,
        12.219280691478208
    ],
    "Lambda_canonical [dimensionless]": [
        671.2982215960743,
        969.3730447876909
    ],
    "rho_center_k2_max [10^15 g cm^-3]": [
        0.29342075497071907,
        0.35584304895870056
    ],
    "k2_max [dimensionless]": [
        0.7404867468827457,
        0.7407601820548229
    ]
}