{
    "a2^(1/2)": {
        "M_max": [
            0.69814598049079,
            241.0211345580918
        ],
        "R_canonical": [
            0.07144921281131111,
            291.95762798257357
        ],
        "Lambda_canonical": [
            0.3523229791050426,
            291.95762798257357
        ],
        "combined": [
            0.69814598049079,
            198.13050526846666
        ]
    },
    "a4": {
        "M_max": [
            0.4827723213632081,
            0.7948196955374158
        ],
        "R_canonical": [
            0.3913431760921746,
            0.9999006747572732
        ],
        "Lambda_canonical": [
            0.4827723213632081,
            0.9999006747572732
        ],
        "combined": [
            0.4827723213632081,
            0.7948196955374158
        ]
    },
    "B^(1/4)": {
        "M_max": [
            80.5236401586046,
            140.5873544763492
        ],
        "R_canonical": [
            80.5236401586046,
            153.03613257216603
        ],
        "Lambda_canonical": [
            90.50423822372937,
            161.96421992268458
        ],
        "combined": [
            116.87313371971699,
            140.5873544763492
        ]
    }
}