{
    "a2^(1/2)": {
        "M_max": [
            7.4360900697553065,
            237.9548822321698
        ],
        "R_canonical": [
            7.4360900697553065,
            282.57142265070166
        ],
        "Lambda_canonical": [
            7.4360900697553065,
            282.57142265070166
        ],
        "combined": [
            7.4360900697553065,
            237.9548822321698
        ]
    },
    "a4": {
        "M_max": [
            0.025,
            0.775
        ],
        "R_canonical": [
            0.4,
            1.0
        ],
        "Lambda_canonical": [
            0.5,
            1.0
        ],
        "combined": [
            0.5,
            0.775
        ]
    },
    "B^(1/4)": {
        "M_max": [
            40.69041151258573,
            138.3473991427915
        ],
        "R_canonical": [
            85.44986417643004,
            150.5545225965672
        ],
        "Lambda_canonical": [
            85.44986417643004,
            158.69260489908436
        ],
        "combined": [
            85.44986417643004,
            138.3473991427915
        ]
    }
}