{
    "rho_surface [10^15 g cm^-3]": [
        0.29382057931965266,
        0.3625403990720529
    ],
    "cs_min [dimensionless]": [
        0.5115525359562526,
        0.5773494690546537
    ],
    "rho_center_max [10^15 g cm^-3]": [
        1.4896180615337595,
        1.7471902529951628
    ],
    "M_max [solar mass]": [
        2.1302223391260924,
        2.30771297638026
    ],
    "cs_max [dimensionless]": [
        0.5516761695505153,
        0.5773499447875275
    ],
    "rho_center_canonical [10^15 g cm^-3]": [
        0.4837590475872712,
        0.5977681131039783
    ],
    "R_canonical [km]": [
        11.46822062784837,
        12.221849255194124
    ],
    "Lambda_canonical [dimensionless]": [
        645.7000221543612,
        967.5511240859407
    ],
    "rho_center_k2_max [10^15 g cm^-3]": [
        0.2947323077283649,
        0.36341254264354694
    ],
    "k2_max [dimensionless]": [
        0.7424188819086172,
        0.7426506545485168
    ]
}