{
    "a2 [10^3 MeV^2]": {
        "M_max [solar mass]": [
            -265.3445311057121,
            60.59204660613276
        ],
        "R_canonical [km]": [
            -259.77900320439085,
            86.92260742179707
        ],
        "Lambda_canonical [dimensionless]": [
            -265.41388600877633,
            86.92260742179707
        ],
        "combined": [
            -201.02590715995683,
            40.615402243279796
        ]
    },
    "a4 [dimensionless]": {
        "M_max [solar mass]": [
            0.05026367516983381,
            0.8049586343810201
        ],
        "R_canonical [km]": [
            0.050075750759499854,
            0.9999480686455411
        ],
        "Lambda_canonical [dimensionless]": [
            0.050075750759499854,
            0.9999480686455411
        ],
        "combined": [
            0.2070568943448523,
            0.8049586343810201
        ]
    },
    "B^(1/4) [MeV]": {
        "M_max [solar mass]": [
            77.05788116624339,
            208.39028404224047
        ],
        "R_canonical [km]": [
            77.52949673882961,
            189.64671299490684
        ],
        "Lambda_canonical [dimensionless]": [
            82.34034608470635,
            221.9974448000756
        ],
        "combined": [
            115.38436122353755,
            184.59064154574185
        ]
    }
}