{
    "a2^(1/2)": {
        "M_max": [
            5.948872055804245,
            243.90375428797407
        ],
        "R_canonical": [
            5.948872055804245,
            291.49473073440805
        ],
        "Lambda_canonical": [
            5.948872055804245,
            291.49473073440805
        ],
        "combined": [
            5.948872055804245,
            243.90375428797407
        ]
    },
    "a4": {
        "M_max": [
            0.02,
            0.8
        ],
        "R_canonical": [
            0.4,
            1.0
        ],
        "Lambda_canonical": [
            0.5,
            1.0
        ],
        "combined": [
            0.5,
            0.8
        ]
    },
    "B^(1/4)": {
        "M_max": [
            45.57326089409602,
            139.97501560329493
        ],
        "R_canonical": [
            84.63605594617833,
            152.99594728732237
        ],
        "Lambda_canonical": [
            84.63605594617833,
            159.50641312933607
        ],
        "combined": [
            84.63605594617833,
            139.97501560329493
        ]
    }
}