{
    "a2^(1/2)": {
        "M_max": [
            0.07294687879672382,
            233.2553261305176
        ],
        "R_canonical": [
            0.07294687879672382,
            287.1848284473276
        ],
        "Lambda_canonical": [
            0.07294687879672382,
            287.1848284473276
        ],
        "combined": [
            0.07294687879672382,
            233.2553261305176
        ]
    },
    "a4": {
        "M_max": [
            0.4855407922398448,
            0.7898185084815175
        ],
        "R_canonical": [
            0.39695117208571884,
            0.9998635979139997
        ],
        "Lambda_canonical": [
            0.5065103768276429,
            0.9998635979139997
        ],
        "combined": [
            0.5065103768276429,
            0.7898185084815175
        ]
    },
    "B^(1/4)": {
        "M_max": [
            80.38435155641487,
            140.4497638528456
        ],
        "R_canonical": [
            83.24833841863202,
            153.34053561640113
        ],
        "Lambda_canonical": [
            87.86861116733996,
            161.87575579611348
        ],
        "combined": [
            87.86861116733996,
            140.4497638528456
        ]
    }
}